{
  "Emax_global": 17958507.202808477,
  "Emax_global_x": 0.008840581471800673,
  "Emax_global_y": 0.0004280721635453818,
  "Emax_air_near_junction": 17958507.202808477,
  "Emax_air_near_junction_x": 0.008840581471800673,
  "Emax_air_near_junction_y": 0.0004280721635453818,
  "Dn_air_at_interface": -13979591.668922879,
  "Dn_dielectric_at_interface": -83877550.01353727,
  "Dn_ratio_die_over_air": 6.0
}