{
  "Emax_global": 6032299.045437389,
  "x_at_Emax": 0.0106,
  "y_at_Emax": 0.0106,
  "E_ideal_Rin": 4660012.009197089,
  "enhancement_vs_ideal": 1.2944814377155955
}