{
  "Emax_global": 4793827.707918868,
  "x_at_Emax": 0.010154621848739496,
  "y_at_Emax": 0.012826890756302521,
  "E_ideal_Rin": 4660012.009197089,
  "enhancement_vs_ideal": 1.0287157411735588
}